{
    "swagger": "2.0",
    "info": {
        "description": "This is a boilerplate project, please update accordingly.",
        "title": "Base API Service",
        "contact": {
            "name": "Mark Muhammad",
            "email": "mark.p.e.muhammad@gmail.com"
        },
        "license": {
            "name": "MIT"
        },
        "version": "1.0"
    },
    "host": "localhost:3000",
    "basePath": "/v1",
    "paths": {
        "/accounts": {
            "get": {
                "security": [
                    {
                        "BearerAuth": []
                    }
                ],
                "description": "Get profile of logged-in account.",
                "produces": [
                    "application/json"
                ],
                "summary": "Get account's profile",
                "responses": {
                    "200": {
                        "description": "OK",
                        "schema": {
                            "$ref": "#/definitions/dto.SuccessResponse-dto_AccountProfileResp"
                        }
                    },
                    "401": {
                        "description": "Unauthorized",
                        "schema": {
                            "$ref": "#/definitions/dto.ErrorResponse"
                        }
                    },
                    "403": {
                        "description": "Forbidden",
                        "schema": {
                            "$ref": "#/definitions/dto.ErrorResponse"
                        }
                    },
                    "404": {
                        "description": "Not Found",
                        "schema": {
                            "$ref": "#/definitions/dto.ErrorResponse"
                        }
                    },
                    "500": {
                        "description": "Internal Server Error",
                        "schema": {
                            "$ref": "#/definitions/dto.ErrorResponse"
                        }
                    }
                }
            }
        },
        "/accounts/login": {
            "post": {
                "description": "Account login using username \u0026 password combination.",
                "consumes": [
                    "application/json"
                ],
                "produces": [
                    "application/json"
                ],
                "summary": "Account login",
                "parameters": [
                    {
                        "description": "Credential",
                        "name": "cred",
                        "in": "body",
                        "required": true,
                        "schema": {
                            "$ref": "#/definitions/dto.AccountLoginReq"
                        }
                    }
                ],
                "responses": {
                    "200": {
                        "description": "OK",
                        "schema": {
                            "$ref": "#/definitions/dto.SuccessResponse-dto_AccountLoginResp"
                        }
                    },
                    "400": {
                        "description": "Bad Request",
                        "schema": {
                            "$ref": "#/definitions/dto.ErrorResponse"
                        }
                    },
                    "422": {
                        "description": "Unprocessable Entity",
                        "schema": {
                            "$ref": "#/definitions/dto.ErrorResponse"
                        }
                    },
                    "500": {
                        "description": "Internal Server Error",
                        "schema": {
                            "$ref": "#/definitions/dto.ErrorResponse"
                        }
                    }
                }
            }
        },
        "/persons": {
            "get": {
                "description": "Get a list of person.",
                "produces": [
                    "application/json"
                ],
                "summary": "Get a list of person",
                "parameters": [
                    {
                        "type": "string",
                        "description": "Person's name",
                        "name": "q",
                        "in": "query"
                    },
                    {
                        "type": "integer",
                        "description": "Data offset",
                        "name": "s",
                        "in": "query"
                    },
                    {
                        "type": "integer",
                        "description": "Data limit",
                        "name": "l",
                        "in": "query"
                    }
                ],
                "responses": {
                    "200": {
                        "description": "OK",
                        "schema": {
                            "$ref": "#/definitions/dto.SuccessResponse-array_dto_PersonDetailResp"
                        }
                    },
                    "404": {
                        "description": "Not Found",
                        "schema": {
                            "$ref": "#/definitions/dto.ErrorResponse"
                        }
                    },
                    "422": {
                        "description": "Unprocessable Entity",
                        "schema": {
                            "$ref": "#/definitions/dto.ErrorResponse"
                        }
                    },
                    "500": {
                        "description": "Internal Server Error",
                        "schema": {
                            "$ref": "#/definitions/dto.ErrorResponse"
                        }
                    }
                }
            }
        },
        "/persons/{id}": {
            "get": {
                "description": "Get a person's detail.",
                "produces": [
                    "application/json"
                ],
                "summary": "Get a person's detail",
                "parameters": [
                    {
                        "type": "integer",
                        "description": "Person's ID",
                        "name": "id",
                        "in": "path",
                        "required": true
                    }
                ],
                "responses": {
                    "200": {
                        "description": "OK",
                        "schema": {
                            "$ref": "#/definitions/dto.SuccessResponse-dto_PersonDetailResp"
                        }
                    },
                    "400": {
                        "description": "Bad Request",
                        "schema": {
                            "$ref": "#/definitions/dto.ErrorResponse"
                        }
                    },
                    "404": {
                        "description": "Not Found",
                        "schema": {
                            "$ref": "#/definitions/dto.ErrorResponse"
                        }
                    },
                    "500": {
                        "description": "Internal Server Error",
                        "schema": {
                            "$ref": "#/definitions/dto.ErrorResponse"
                        }
                    }
                }
            },
            "put": {
                "security": [
                    {
                        "BearerAuth": []
                    }
                ],
                "description": "Update a person's detail.",
                "consumes": [
                    "application/json"
                ],
                "produces": [
                    "application/json"
                ],
                "summary": "Update a person's detail",
                "parameters": [
                    {
                        "type": "integer",
                        "description": "Person's ID",
                        "name": "id",
                        "in": "path",
                        "required": true
                    },
                    {
                        "description": "Person's detail",
                        "name": "detail",
                        "in": "body",
                        "required": true,
                        "schema": {
                            "$ref": "#/definitions/dto.PersonUpdateReq"
                        }
                    }
                ],
                "responses": {
                    "200": {
                        "description": "OK",
                        "schema": {
                            "$ref": "#/definitions/dto.SuccessResponse-any"
                        }
                    },
                    "400": {
                        "description": "Bad Request",
                        "schema": {
                            "$ref": "#/definitions/dto.ErrorResponse"
                        }
                    },
                    "401": {
                        "description": "Unauthorized",
                        "schema": {
                            "$ref": "#/definitions/dto.ErrorResponse"
                        }
                    },
                    "403": {
                        "description": "Forbidden",
                        "schema": {
                            "$ref": "#/definitions/dto.ErrorResponse"
                        }
                    },
                    "404": {
                        "description": "Not Found",
                        "schema": {
                            "$ref": "#/definitions/dto.ErrorResponse"
                        }
                    },
                    "500": {
                        "description": "Internal Server Error",
                        "schema": {
                            "$ref": "#/definitions/dto.ErrorResponse"
                        }
                    }
                }
            }
        },
        "/publishers": {
            "get": {
                "description": "Get a list of publishers.",
                "produces": [
                    "application/json"
                ],
                "summary": "Get a list of publishers",
                "parameters": [
                    {
                        "type": "string",
                        "description": "Publisher's name",
                        "name": "q",
                        "in": "query"
                    },
                    {
                        "type": "integer",
                        "description": "Data offset",
                        "name": "s",
                        "in": "query"
                    },
                    {
                        "type": "integer",
                        "description": "Data limit",
                        "name": "l",
                        "in": "query"
                    }
                ],
                "responses": {
                    "200": {
                        "description": "OK",
                        "schema": {
                            "$ref": "#/definitions/dto.SuccessResponse-array_dto_PublisherResp"
                        }
                    },
                    "404": {
                        "description": "Not Found",
                        "schema": {
                            "$ref": "#/definitions/dto.ErrorResponse"
                        }
                    },
                    "422": {
                        "description": "Unprocessable Entity",
                        "schema": {
                            "$ref": "#/definitions/dto.ErrorResponse"
                        }
                    },
                    "500": {
                        "description": "Internal Server Error",
                        "schema": {
                            "$ref": "#/definitions/dto.ErrorResponse"
                        }
                    }
                }
            },
            "post": {
                "security": [
                    {
                        "BearerAuth": []
                    }
                ],
                "description": "Create a publisher.",
                "consumes": [
                    "application/json"
                ],
                "produces": [
                    "application/json"
                ],
                "summary": "Create a publisher",
                "parameters": [
                    {
                        "description": "Publisher's detail",
                        "name": "detail",
                        "in": "body",
                        "required": true,
                        "schema": {
                            "$ref": "#/definitions/dto.PublisherUpdateReq"
                        }
                    }
                ],
                "responses": {
                    "201": {
                        "description": "Created",
                        "schema": {
                            "$ref": "#/definitions/dto.SuccessResponse-any"
                        }
                    },
                    "401": {
                        "description": "Unauthorized",
                        "schema": {
                            "$ref": "#/definitions/dto.ErrorResponse"
                        }
                    },
                    "403": {
                        "description": "Forbidden",
                        "schema": {
                            "$ref": "#/definitions/dto.ErrorResponse"
                        }
                    },
                    "422": {
                        "description": "Unprocessable Entity",
                        "schema": {
                            "$ref": "#/definitions/dto.ErrorResponse"
                        }
                    },
                    "500": {
                        "description": "Internal Server Error",
                        "schema": {
                            "$ref": "#/definitions/dto.ErrorResponse"
                        }
                    }
                }
            }
        },
        "/publishers/{id}": {
            "get": {
                "description": "Get a publisher's detail.",
                "produces": [
                    "application/json"
                ],
                "summary": "Get a publisher's detail",
                "parameters": [
                    {
                        "type": "integer",
                        "description": "Publisher's ID",
                        "name": "id",
                        "in": "path",
                        "required": true
                    }
                ],
                "responses": {
                    "200": {
                        "description": "OK",
                        "schema": {
                            "$ref": "#/definitions/dto.SuccessResponse-dto_PublisherResp"
                        }
                    },
                    "400": {
                        "description": "Bad Request",
                        "schema": {
                            "$ref": "#/definitions/dto.ErrorResponse"
                        }
                    },
                    "404": {
                        "description": "Not Found",
                        "schema": {
                            "$ref": "#/definitions/dto.ErrorResponse"
                        }
                    },
                    "500": {
                        "description": "Internal Server Error",
                        "schema": {
                            "$ref": "#/definitions/dto.ErrorResponse"
                        }
                    }
                }
            },
            "put": {
                "security": [
                    {
                        "BearerAuth": []
                    }
                ],
                "description": "Update a publisher's detail.",
                "consumes": [
                    "application/json"
                ],
                "produces": [
                    "application/json"
                ],
                "summary": "Update a publisher's detail",
                "parameters": [
                    {
                        "type": "integer",
                        "description": "Publisher's ID",
                        "name": "id",
                        "in": "path",
                        "required": true
                    },
                    {
                        "description": "Publisher's detail",
                        "name": "detail",
                        "in": "body",
                        "required": true,
                        "schema": {
                            "$ref": "#/definitions/dto.PublisherUpdateReq"
                        }
                    }
                ],
                "responses": {
                    "200": {
                        "description": "OK",
                        "schema": {
                            "$ref": "#/definitions/dto.SuccessResponse-any"
                        }
                    },
                    "400": {
                        "description": "Bad Request",
                        "schema": {
                            "$ref": "#/definitions/dto.ErrorResponse"
                        }
                    },
                    "401": {
                        "description": "Unauthorized",
                        "schema": {
                            "$ref": "#/definitions/dto.ErrorResponse"
                        }
                    },
                    "403": {
                        "description": "Forbidden",
                        "schema": {
                            "$ref": "#/definitions/dto.ErrorResponse"
                        }
                    },
                    "404": {
                        "description": "Not Found",
                        "schema": {
                            "$ref": "#/definitions/dto.ErrorResponse"
                        }
                    },
                    "422": {
                        "description": "Unprocessable Entity",
                        "schema": {
                            "$ref": "#/definitions/dto.ErrorResponse"
                        }
                    },
                    "500": {
                        "description": "Internal Server Error",
                        "schema": {
                            "$ref": "#/definitions/dto.ErrorResponse"
                        }
                    }
                }
            },
            "delete": {
                "security": [
                    {
                        "BearerAuth": []
                    }
                ],
                "description": "Delete a publisher.",
                "produces": [
                    "application/json"
                ],
                "summary": "Delete a publisher",
                "parameters": [
                    {
                        "type": "integer",
                        "description": "Publisher's ID",
                        "name": "id",
                        "in": "path",
                        "required": true
                    }
                ],
                "responses": {
                    "200": {
                        "description": "OK",
                        "schema": {
                            "$ref": "#/definitions/dto.SuccessResponse-any"
                        }
                    },
                    "400": {
                        "description": "Bad Request",
                        "schema": {
                            "$ref": "#/definitions/dto.ErrorResponse"
                        }
                    },
                    "401": {
                        "description": "Unauthorized",
                        "schema": {
                            "$ref": "#/definitions/dto.ErrorResponse"
                        }
                    },
                    "403": {
                        "description": "Forbidden",
                        "schema": {
                            "$ref": "#/definitions/dto.ErrorResponse"
                        }
                    },
                    "404": {
                        "description": "Not Found",
                        "schema": {
                            "$ref": "#/definitions/dto.ErrorResponse"
                        }
                    },
                    "500": {
                        "description": "Internal Server Error",
                        "schema": {
                            "$ref": "#/definitions/dto.ErrorResponse"
                        }
                    }
                }
            }
        }
    },
    "definitions": {
        "dto.AccountLoginReq": {
            "type": "object",
            "required": [
                "paswd",
                "uname"
            ],
            "properties": {
                "paswd": {
                    "type": "string",
                    "maxLength": 255,
                    "minLength": 8
                },
                "uname": {
                    "type": "string",
                    "maxLength": 16
                }
            }
        },
        "dto.AccountLoginResp": {
            "type": "object",
            "properties": {
                "access_token": {
                    "type": "string"
                },
                "refresh_token": {
                    "type": "string"
                }
            }
        },
        "dto.AccountProfileResp": {
            "type": "object",
            "properties": {
                "age": {
                    "type": "integer"
                },
                "fullname": {
                    "type": "string"
                },
                "gender": {
                    "type": "string"
                }
            }
        },
        "dto.ErrorResponse": {
            "type": "object",
            "properties": {
                "errors": {},
                "message": {
                    "type": "string"
                },
                "success": {
                    "type": "boolean",
                    "example": false
                }
            }
        },
        "dto.PersonDetailResp": {
            "type": "object",
            "properties": {
                "age": {
                    "type": "integer"
                },
                "fullname": {
                    "type": "string"
                },
                "gender": {
                    "type": "string"
                },
                "id": {
                    "type": "integer"
                }
            }
        },
        "dto.PersonUpdateReq": {
            "type": "object",
            "required": [
                "birth_date",
                "fullname",
                "gender"
            ],
            "properties": {
                "birth_date": {
                    "type": "string"
                },
                "fullname": {
                    "type": "string",
                    "maxLength": 56,
                    "minLength": 4
                },
                "gender": {
                    "type": "string",
                    "enum": [
                        "m",
                        "f"
                    ]
                }
            }
        },
        "dto.PublisherResp": {
            "type": "object",
            "properties": {
                "city": {
                    "type": "string"
                },
                "id": {
                    "type": "integer"
                },
                "name": {
                    "type": "string"
                }
            }
        },
        "dto.PublisherUpdateReq": {
            "type": "object",
            "required": [
                "city",
                "name"
            ],
            "properties": {
                "city": {
                    "type": "string",
                    "maxLength": 32
                },
                "name": {
                    "type": "string",
                    "maxLength": 48,
                    "minLength": 2
                }
            }
        },
        "dto.SuccessResponse-any": {
            "type": "object",
            "properties": {
                "data": {},
                "message": {
                    "type": "string"
                },
                "success": {
                    "type": "boolean",
                    "example": true
                }
            }
        },
        "dto.SuccessResponse-array_dto_PersonDetailResp": {
            "type": "object",
            "properties": {
                "data": {
                    "type": "array",
                    "items": {
                        "$ref": "#/definitions/dto.PersonDetailResp"
                    }
                },
                "message": {
                    "type": "string"
                },
                "success": {
                    "type": "boolean",
                    "example": true
                }
            }
        },
        "dto.SuccessResponse-array_dto_PublisherResp": {
            "type": "object",
            "properties": {
                "data": {
                    "type": "array",
                    "items": {
                        "$ref": "#/definitions/dto.PublisherResp"
                    }
                },
                "message": {
                    "type": "string"
                },
                "success": {
                    "type": "boolean",
                    "example": true
                }
            }
        },
        "dto.SuccessResponse-dto_AccountLoginResp": {
            "type": "object",
            "properties": {
                "data": {
                    "$ref": "#/definitions/dto.AccountLoginResp"
                },
                "message": {
                    "type": "string"
                },
                "success": {
                    "type": "boolean",
                    "example": true
                }
            }
        },
        "dto.SuccessResponse-dto_AccountProfileResp": {
            "type": "object",
            "properties": {
                "data": {
                    "$ref": "#/definitions/dto.AccountProfileResp"
                },
                "message": {
                    "type": "string"
                },
                "success": {
                    "type": "boolean",
                    "example": true
                }
            }
        },
        "dto.SuccessResponse-dto_PersonDetailResp": {
            "type": "object",
            "properties": {
                "data": {
                    "$ref": "#/definitions/dto.PersonDetailResp"
                },
                "message": {
                    "type": "string"
                },
                "success": {
                    "type": "boolean",
                    "example": true
                }
            }
        },
        "dto.SuccessResponse-dto_PublisherResp": {
            "type": "object",
            "properties": {
                "data": {
                    "$ref": "#/definitions/dto.PublisherResp"
                },
                "message": {
                    "type": "string"
                },
                "success": {
                    "type": "boolean",
                    "example": true
                }
            }
        }
    },
    "securityDefinitions": {
        "BearerAuth": {
            "description": "Bearer auth containing JWT",
            "type": "apiKey",
            "name": "Authorization",
            "in": "header"
        }
    },
    "externalDocs": {
        "description": "OpenAPI",
        "url": "https://swagger.io/resources/open-api/"
    }
}